source,intitule,entreprise,typeContrat,datePublication
welcome_to_the_jungle,UX/UI Designer,Scale-up Tech,CDI,2026-10-06
welcome_to_the_jungle,Growth Marketer,Scale-up Tech,CDI,2026-10-06
welcome_to_the_jungle,Développeur Python,Scale-up Tech,CDI,2026-10-06
welcome_to_the_jungle,Growth Marketer,Scale-up Tech,CDI,2026-10-06
welcome_to_the_jungle,Growth Marketer,Scale-up Tech,CDI,2026-10-06
welcome_to_the_jungle,Chargé(e) de Recrutement,Scale-up Tech,CDD,2026-10-06
welcome_to_the_jungle,Chargé(e) de Recrutement,Scale-up Tech,CDD,2026-10-06
welcome_to_the_jungle,Product Manager,Scale-up Tech,CDI,2026-10-06
welcome_to_the_jungle,Product Manager,Scale-up Tech,CDI,2026-10-06
welcome_to_the_jungle,Consultant BI,Scale-up Tech,CDI,2026-10-06
welcome_to_the_jungle,Data Analyst,Scale-up Tech,CDI,2026-10-06
welcome_to_the_jungle,Consultant BI,Scale-up Tech,CDI,2026-10-06
welcome_to_the_jungle,Chargé(e) de Recrutement,Scale-up Tech,CDD,2026-10-06
welcome_to_the_jungle,Assistant Marketing,Scale-up Tech,Alternance,2026-10-06
welcome_to_the_jungle,Développeur Python,Scale-up Tech,CDI,2026-10-06
welcome_to_the_jungle,Développeur Python,Scale-up Tech,CDI,2026-10-06
welcome_to_the_jungle,Chargé(e) de Recrutement,Scale-up Tech,CDD,2026-10-06
welcome_to_the_jungle,Growth Marketer,Scale-up Tech,CDI,2026-10-06
welcome_to_the_jungle,Data Analyst,Scale-up Tech,CDI,2026-10-06
welcome_to_the_jungle,Product Manager,Scale-up Tech,CDI,2026-10-06
welcome_to_the_jungle,Chargé(e) de Recrutement,Scale-up Tech,CDD,2026-10-06
welcome_to_the_jungle,Chargé(e) de Recrutement,Scale-up Tech,CDD,2026-10-06
welcome_to_the_jungle,Product Manager,Scale-up Tech,CDI,2026-10-06
welcome_to_the_jungle,Growth Marketer,Scale-up Tech,CDI,2026-10-06
welcome_to_the_jungle,UX/UI Designer,Scale-up Tech,CDI,2026-10-06
welcome_to_the_jungle,UX/UI Designer,Scale-up Tech,CDI,2026-10-06
welcome_to_the_jungle,Data Analyst,Scale-up Tech,CDI,2026-10-06
welcome_to_the_jungle,Assistant Marketing,Scale-up Tech,Alternance,2026-10-06
welcome_to_the_jungle,Chargé(e) de Recrutement,Scale-up Tech,CDD,2026-10-06
welcome_to_the_jungle,UX/UI Designer,Scale-up Tech,CDI,2026-10-06
welcome_to_the_jungle,Consultant BI,Scale-up Tech,CDI,2026-10-06
welcome_to_the_jungle,Growth Marketer,Scale-up Tech,CDI,2026-10-06
welcome_to_the_jungle,Assistant Marketing,Scale-up Tech,Alternance,2026-10-06
welcome_to_the_jungle,Chargé(e) de Recrutement,Scale-up Tech,CDD,2026-10-06
welcome_to_the_jungle,Assistant Marketing,Scale-up Tech,Alternance,2026-10-06
welcome_to_the_jungle,Consultant BI,Scale-up Tech,CDI,2026-10-06
welcome_to_the_jungle,Chargé(e) de Recrutement,Scale-up Tech,CDD,2026-10-06
welcome_to_the_jungle,Product Manager,Scale-up Tech,CDI,2026-10-06
welcome_to_the_jungle,Développeur Python,Scale-up Tech,CDI,2026-10-06
welcome_to_the_jungle,Assistant Marketing,Scale-up Tech,Alternance,2026-10-06
welcome_to_the_jungle,Chargé(e) de Recrutement,Scale-up Tech,CDD,2026-10-06
welcome_to_the_jungle,Growth Marketer,Scale-up Tech,CDI,2026-10-06
welcome_to_the_jungle,Assistant Marketing,Scale-up Tech,Alternance,2026-10-06
welcome_to_the_jungle,UX/UI Designer,Scale-up Tech,CDI,2026-10-06
welcome_to_the_jungle,Chargé(e) de Recrutement,Scale-up Tech,CDD,2026-10-06
welcome_to_the_jungle,Product Manager,Scale-up Tech,CDI,2026-10-06
welcome_to_the_jungle,UX/UI Designer,Scale-up Tech,CDI,2026-10-06
welcome_to_the_jungle,Data Analyst,Scale-up Tech,CDI,2026-10-06
welcome_to_the_jungle,Consultant BI,Scale-up Tech,CDI,2026-10-06
welcome_to_the_jungle,Consultant BI,Scale-up Tech,CDI,2026-10-06
welcome_to_the_jungle,Product Manager,Scale-up Tech,CDI,2026-10-06
welcome_to_the_jungle,Développeur Python,Scale-up Tech,CDI,2026-10-06
welcome_to_the_jungle,Growth Marketer,Scale-up Tech,CDI,2026-10-06
welcome_to_the_jungle,UX/UI Designer,Scale-up Tech,CDI,2026-10-06
welcome_to_the_jungle,UX/UI Designer,Scale-up Tech,CDI,2026-10-06
welcome_to_the_jungle,UX/UI Designer,Scale-up Tech,CDI,2026-10-06
welcome_to_the_jungle,Développeur Python,Scale-up Tech,CDI,2026-10-06
welcome_to_the_jungle,Data Analyst,Scale-up Tech,CDI,2026-10-06
welcome_to_the_jungle,Consultant BI,Scale-up Tech,CDI,2026-10-06
welcome_to_the_jungle,Développeur Python,Scale-up Tech,CDI,2026-10-06
