id,source,intitule,entreprise,typeContrat,statut,salaire,datePublication
apec_rss_1,apec,Responsable RH,Groupe / Entreprise Cadre,CDI,Cadre,53882,2026-10-06
apec_rss_2,apec,Consultant en organisation,Groupe / Entreprise Cadre,CDI,Cadre,52359,2026-10-06
apec_rss_3,apec,Responsable marketing digital,Groupe / Entreprise Cadre,CDD,Cadre,53252,2026-10-06
apec_rss_4,apec,Chef de projet SI,Groupe / Entreprise Cadre,CDI,Cadre,56354,2026-10-06
apec_rss_5,apec,Chef de projet SI,Groupe / Entreprise Cadre,CDI,Cadre,50345,2026-10-06
apec_rss_6,apec,Consultant en organisation,Groupe / Entreprise Cadre,CDI,Cadre,50432,2026-10-06
apec_rss_7,apec,Contrôleur de gestion,Groupe / Entreprise Cadre,CDD,Cadre,45002,2026-10-06
apec_rss_8,apec,Auditeur financier,Groupe / Entreprise Cadre,CDI,Cadre,49627,2026-10-06
apec_rss_9,apec,Consultant en organisation,Groupe / Entreprise Cadre,CDI,Cadre,43186,2026-10-06
apec_rss_10,apec,Responsable marketing digital,Groupe / Entreprise Cadre,CDI,Cadre,55789,2026-10-06
apec_rss_11,apec,Data Analyst,Groupe / Entreprise Cadre,CDI,Cadre,42440,2026-10-06
apec_rss_12,apec,Responsable marketing digital,Groupe / Entreprise Cadre,CDI,Cadre,54687,2026-10-06
apec_rss_13,apec,Contrôleur de gestion,Groupe / Entreprise Cadre,CDI,Cadre,51428,2026-10-06
apec_rss_14,apec,Responsable marketing digital,Groupe / Entreprise Cadre,CDI,Cadre,48894,2026-10-06
apec_rss_15,apec,Data Analyst,Groupe / Entreprise Cadre,CDI,Cadre,48468,2026-10-06
apec_rss_16,apec,Contrôleur de gestion,Groupe / Entreprise Cadre,CDI,Cadre,47648,2026-10-06
apec_rss_17,apec,Chef de projet SI,Groupe / Entreprise Cadre,CDI,Cadre,59716,2026-10-06
apec_rss_18,apec,Chef de projet SI,Groupe / Entreprise Cadre,CDI,Cadre,55210,2026-10-06
apec_rss_19,apec,Consultant en organisation,Groupe / Entreprise Cadre,CDD,Cadre,51767,2026-10-06
apec_rss_20,apec,Data Analyst,Groupe / Entreprise Cadre,CDI,Cadre,49401,2026-10-06
apec_rss_21,apec,Consultant en organisation,Groupe / Entreprise Cadre,CDI,Cadre,47565,2026-10-06
apec_rss_22,apec,Consultant en organisation,Groupe / Entreprise Cadre,CDI,Cadre,52535,2026-10-06
apec_rss_23,apec,Ingénieur commercial B2B,Groupe / Entreprise Cadre,CDI,Cadre,46109,2026-10-06
apec_rss_24,apec,Ingénieur commercial B2B,Groupe / Entreprise Cadre,CDI,Cadre,51133,2026-10-06
apec_rss_25,apec,Ingénieur commercial B2B,Groupe / Entreprise Cadre,CDI,Cadre,45460,2026-10-06
apec_rss_26,apec,Ingénieur commercial B2B,Groupe / Entreprise Cadre,CDI,Cadre,51831,2026-10-06
apec_rss_27,apec,Consultant en organisation,Groupe / Entreprise Cadre,CDI,Cadre,46665,2026-10-06
apec_rss_28,apec,Responsable marketing digital,Groupe / Entreprise Cadre,CDI,Cadre,52344,2026-10-06
apec_rss_29,apec,Chef de projet SI,Groupe / Entreprise Cadre,CDI,Cadre,54551,2026-10-06
apec_rss_30,apec,Chef de projet SI,Groupe / Entreprise Cadre,CDI,Cadre,59192,2026-10-06
apec_rss_31,apec,Contrôleur de gestion,Groupe / Entreprise Cadre,CDD,Cadre,47800,2026-10-06
apec_rss_32,apec,Data Analyst,Groupe / Entreprise Cadre,CDI,Cadre,51699,2026-10-06
apec_rss_33,apec,Ingénieur commercial B2B,Groupe / Entreprise Cadre,CDI,Cadre,52247,2026-10-06
apec_rss_34,apec,Consultant en organisation,Groupe / Entreprise Cadre,CDI,Cadre,45710,2026-10-06
apec_rss_35,apec,Contrôleur de gestion,Groupe / Entreprise Cadre,CDI,Cadre,43414,2026-10-06
apec_rss_36,apec,Responsable marketing digital,Groupe / Entreprise Cadre,CDI,Cadre,55972,2026-10-06
apec_rss_37,apec,Responsable marketing digital,Groupe / Entreprise Cadre,CDD,Cadre,54435,2026-10-06
apec_rss_38,apec,Responsable RH,Groupe / Entreprise Cadre,CDD,Cadre,53917,2026-10-06
apec_rss_39,apec,Chef de projet SI,Groupe / Entreprise Cadre,CDI,Cadre,50628,2026-10-06
apec_rss_40,apec,Data Analyst,Groupe / Entreprise Cadre,CDI,Cadre,47556,2026-10-06
apec_rss_41,apec,Responsable RH,Groupe / Entreprise Cadre,CDI,Cadre,52369,2026-10-06
apec_rss_42,apec,Responsable marketing digital,Groupe / Entreprise Cadre,CDI,Cadre,47170,2026-10-06
apec_rss_43,apec,Auditeur financier,Groupe / Entreprise Cadre,CDI,Cadre,43548,2026-10-06
apec_rss_44,apec,Consultant en organisation,Groupe / Entreprise Cadre,CDI,Cadre,52049,2026-10-06
apec_rss_45,apec,Responsable RH,Groupe / Entreprise Cadre,CDI,Cadre,57815,2026-10-06
apec_rss_46,apec,Auditeur financier,Groupe / Entreprise Cadre,CDI,Cadre,50799,2026-10-06
apec_rss_47,apec,Ingénieur commercial B2B,Groupe / Entreprise Cadre,CDI,Cadre,49837,2026-10-06
apec_rss_48,apec,Consultant en organisation,Groupe / Entreprise Cadre,CDI,Cadre,52395,2026-10-06
apec_rss_49,apec,Responsable RH,Groupe / Entreprise Cadre,CDI,Cadre,46090,2026-10-06
apec_rss_50,apec,Data Analyst,Groupe / Entreprise Cadre,CDI,Cadre,45780,2026-10-06
apec_rss_51,apec,Auditeur financier,Groupe / Entreprise Cadre,CDI,Cadre,46603,2026-10-06
apec_rss_52,apec,Data Analyst,Groupe / Entreprise Cadre,CDI,Cadre,41378,2026-10-06
apec_rss_53,apec,Responsable RH,Groupe / Entreprise Cadre,CDI,Cadre,55743,2026-10-06
apec_rss_54,apec,Responsable RH,Groupe / Entreprise Cadre,CDI,Cadre,52845,2026-10-06
apec_rss_55,apec,Responsable marketing digital,Groupe / Entreprise Cadre,CDI,Cadre,50503,2026-10-06
apec_rss_56,apec,Auditeur financier,Groupe / Entreprise Cadre,CDD,Cadre,50678,2026-10-06
apec_rss_57,apec,Responsable marketing digital,Groupe / Entreprise Cadre,CDI,Cadre,44544,2026-10-06
apec_rss_58,apec,Data Analyst,Groupe / Entreprise Cadre,CDI,Cadre,50506,2026-10-06
apec_rss_59,apec,Data Analyst,Groupe / Entreprise Cadre,CDI,Cadre,45605,2026-10-06
apec_rss_60,apec,Consultant en organisation,Groupe / Entreprise Cadre,CDI,Cadre,53048,2026-10-06
apec_rss_61,apec,Data Analyst,Groupe / Entreprise Cadre,CDI,Cadre,45316,2026-10-06
apec_rss_62,apec,Consultant en organisation,Groupe / Entreprise Cadre,CDI,Cadre,45148,2026-10-06
apec_rss_63,apec,Ingénieur commercial B2B,Groupe / Entreprise Cadre,CDI,Cadre,49373,2026-10-06
apec_rss_64,apec,Responsable marketing digital,Groupe / Entreprise Cadre,CDI,Cadre,44716,2026-10-06
apec_rss_65,apec,Responsable marketing digital,Groupe / Entreprise Cadre,CDI,Cadre,50309,2026-10-06
apec_rss_66,apec,Ingénieur commercial B2B,Groupe / Entreprise Cadre,CDD,Cadre,43721,2026-10-06
apec_rss_67,apec,Consultant en organisation,Groupe / Entreprise Cadre,CDI,Cadre,54306,2026-10-06
apec_rss_68,apec,Data Analyst,Groupe / Entreprise Cadre,CDI,Cadre,47944,2026-10-06
apec_rss_69,apec,Responsable RH,Groupe / Entreprise Cadre,CDI,Cadre,48106,2026-10-06
apec_rss_70,apec,Ingénieur commercial B2B,Groupe / Entreprise Cadre,CDI,Cadre,51644,2026-10-06
apec_rss_71,apec,Data Analyst,Groupe / Entreprise Cadre,CDI,Cadre,48223,2026-10-06
apec_rss_72,apec,Consultant en organisation,Groupe / Entreprise Cadre,CDD,Cadre,43461,2026-10-06
apec_rss_73,apec,Ingénieur commercial B2B,Groupe / Entreprise Cadre,CDI,Cadre,49673,2026-10-06
apec_rss_74,apec,Responsable marketing digital,Groupe / Entreprise Cadre,CDI,Cadre,55460,2026-10-06
apec_rss_75,apec,Auditeur financier,Groupe / Entreprise Cadre,CDI,Cadre,39978,2026-10-06
apec_rss_76,apec,Data Analyst,Groupe / Entreprise Cadre,CDI,Cadre,46412,2026-10-06
apec_rss_77,apec,Responsable RH,Groupe / Entreprise Cadre,CDI,Cadre,54677,2026-10-06
apec_rss_78,apec,Ingénieur commercial B2B,Groupe / Entreprise Cadre,CDI,Cadre,43155,2026-10-06
apec_rss_79,apec,Contrôleur de gestion,Groupe / Entreprise Cadre,CDI,Cadre,41239,2026-10-06
apec_rss_80,apec,Responsable marketing digital,Groupe / Entreprise Cadre,CDI,Cadre,47520,2026-10-06
